risk_band,applicants,avg_score,actual_default_rate
High Risk,256,55.6328125,0.484375
Low Risk,6730,11.426968796433878,0.1225854383358098
Medium Risk,4913,30.157642987991043,0.29411764705882354
